<?xml version="1.0" encoding="UTF-8"?>
<project-private xmlns="http://www.netbeans.org/ns/project-private/1">
    <editor-bookmarks xmlns="http://www.netbeans.org/ns/editor-bookmarks/2" lastBookmarkId="0"/>
    <open-files xmlns="http://www.netbeans.org/ns/projectui-open-files/2">
        <group>
            <file>file:/C:/Users/Gajen/Documents/SkillCourtv2.1/src/skillcourt5/User.java</file>
            <file>file:/C:/Users/Gajen/Documents/SkillCourtv2.1/src/skillcourt5/SkillCourt5.java</file>
            <file>file:/C:/Users/Gajen/Documents/SkillCourtv2.1/src/skillcourt5/Start_Menu.java</file>
            <file>file:/C:/Users/Gajen/Documents/SkillCourtv2.1/src/skillcourt5/Statistics.java</file>
            <file>file:/C:/Users/Gajen/Documents/SkillCourtv2.1/src/SkillCourtUI/CreateAccountController.java</file>
            <file>file:/C:/Users/Gajen/Documents/SkillCourtv2.1/src/skillcourt5/Arduino.java</file>
            <file>file:/C:/Users/Gajen/Documents/SkillCourtv2.1/src/SkillCourtUI/LoginFXController.java</file>
            <file>file:/C:/Users/Gajen/Documents/SkillCourtv2.1/src/SkillCourtUI/LoginFX.java</file>
        </group>
    </open-files>
</project-private>
